Computing_Time,XP,ST,O4,Mtotal,Inclination
592.8347489833832,0.9982022780017625,0.998228568036858,0.9996453597021151,60.0,0.0
